{
    "type": "minecraft:crafting_shaped",
    "pattern": [
        "#DT",
        "DBB",
        "BBB"
    ],
    "key": {
        "#": {
            "item": "minecraft:egg"
        },
        "D": {
            "item": "minecraft:diamond"
        },
        "T": {
            "item": "minecraft:totem_of_undying"
        },
        "B": {
            "item": "minecraft:bone"
        }
    },
    "result": {
        "item": "minecraft:skeleton_spawn_egg",
        "count": 1
    }
}