{
    "type": "minecraft:crafting_shaped",
    "pattern": [
        "#DT",
        "DRR",
        "RRR"
    ],
    "key": {
        "#": {
            "item": "minecraft:egg"
        },
        "D": {
            "item": "minecraft:diamond"
        },
        "T": {
            "item": "minecraft:totem_of_undying"
        },
        "R": {
            "item": "minecraft:rotten_flesh"
        }
    },
    "result": {
        "item": "minecraft:zombie_spawn_egg",
        "count": 1
    }
}